{
    "Spain": 2304.4640472810297,
    "Argentina": 2232.6718189050603,
    "France": 2189.5470692146173,
    "England": 2153.0764990874227,
    "Colombia": 2139.283314303355,
    "Netherlands": 2115.408454059586,
    "Portugal": 2110.0014983582782,
    "Brazil": 2099.1818139553743,
    "Germany": 2096.0437140516024,
    "Croatia": 2079.338324974819,
    "Basque Country": 2071.0192345904006,
    "Switzerland": 2054.6037576870494,
    "Norway": 2051.775241073922,
    "Andalusia": 2046.5085474762773,
    "Morocco": 2045.2306764535683,
    "Ecuador": 2042.0456003634577,
    "Italy": 2034.3599346653423,
    "Denmark": 2027.7826510894733,
    "Japan": 2023.8475317154048,
    "Belgium": 1999.7206388915588,
    "Uruguay": 1997.5435603928145,
    "Turkey": 1997.3148130609306,
    "South Korea": 1993.8255100159026,
    "Catalonia": 1991.4768356754685,
    "Austria": 1982.881892044118,
    "Senegal": 1974.5099446881031,
    "United States": 1970.0026071371205,
    "Canada": 1963.3556211862403,
    "Russia": 1948.330130889538,
    "Mexico": 1933.761093679744,
    "Paraguay": 1925.099887454207,
    "Algeria": 1921.9767846026384,
    "Serbia": 1920.1375977332634,
    "Greece": 1916.8429967216086,
    "Iran": 1913.8962958911543,
    "Scotland": 1909.4376624196464,
    "Poland": 1908.5137977435404,
    "County of Nice": 1906.421138506726,
    "Ukraine": 1902.1987102722828,
    "Australia": 1900.5326760757998,
    "Chile": 1887.4870428743404,
    "Corsica": 1880.4494142917779,
    "Czech Republic": 1877.1326703714008,
    "Uzbekistan": 1873.0818179981884,
    "Slovenia": 1863.686143911319,
    "Wales": 1852.816272742698,
    "Kernow": 1850.3175646792395,
    "Hungary": 1846.6991082375075,
    "Czechoslovakia": 1845.8706371662415,
    "Northern Cyprus": 1840.6601497932431,
    "Kosovo": 1840.292896127297,
    "Sweden": 1838.9558130620833,
    "Republic of Ireland": 1833.0954803268532,
    "Venezuela": 1831.2140188695817,
    "Panama": 1824.361568585932,
    "Albania": 1821.8368150320925,
    "Slovakia": 1820.4416662633193,
    "Tunisia": 1814.3103970209245,
    "German DR": 1811.2354326216628,
    "Occitania": 1801.528640505297,
    "Yorkshire": 1799.9182132901988,
    "Nigeria": 1799.349819833665,
    "Yugoslavia": 1796.2300240259233,
    "Peru": 1792.7711567456358,
    "K\u00e1rp\u00e1talja": 1790.061229558944,
    "Ivory Coast": 1788.4386158813975,
    "Georgia": 1784.375737992455,
    "Costa Rica": 1782.962519882531,
    "Romania": 1780.1566312744699,
    "Iraqi Kurdistan": 1779.2930451129087,
    "DR Congo": 1778.9333772711498,
    "Egypt": 1778.8812408391125,
    "Asturias": 1776.7577539849979,
    "South Africa": 1773.3487498439672,
    "Jordan": 1767.0165334004864,
    "Bolivia": 1765.2311781345884,
    "Padania": 1764.0533038367034,
    "Mali": 1759.0765681502978,
    "Saudi Arabia": 1748.927758463536,
    "Jersey": 1748.5794179226752,
    "Arameans Suryoye": 1744.2246006455084,
    "Burkina Faso": 1740.4943002863731,
    "Northern Ireland": 1738.6582501703463,
    "Israel": 1735.9312370011799,
    "Iraq": 1735.6548474848973,
    "Silesia": 1731.0364425214248,
    "Cameroon": 1722.5014004927089,
    "Bosnia and Herzegovina": 1716.6322994891564,
    "Cape Verde": 1713.1514324854356,
    "Canary Islands": 1706.443104015934,
    "Iceland": 1697.6050908994687,
    "United Arab Emirates": 1694.886936053783,
    "North Macedonia": 1691.8043823468113,
    "Abkhazia": 1687.8304312486391,
    "Parishes of Jersey": 1678.313389423982,
    "Artsakh": 1677.0829770938974,
    "Jamaica": 1676.9667135913,
    "Ghana": 1676.7638670438193,
    "Galicia": 1674.7953728308644,
    "Maule Sur": 1672.1558135453486,
    "Ellan Vannin": 1666.9418734219266,
    "New Zealand": 1666.697971854069,
    "Honduras": 1665.525985596384,
    "Brittany": 1651.1100910429902,
    "Finland": 1640.3737253476818,
    "Oman": 1637.9446338607447,
    "Zanzibar": 1637.8745124438492,
    "Guatemala": 1635.415506716421,
    "Angola": 1634.0868883047342,
    "Ynys M\u00f4n": 1633.4523599599584,
    "Haiti": 1632.301558971102,
    "Guernsey": 1617.6436009150148,
    "Isle of Wight": 1616.49141174824,
    "Qatar": 1615.5805116957288,
    "Gabon": 1612.1747665051207,
    "Cascadia": 1606.8372240706763,
    "Guinea": 1606.7770836726468,
    "Chameria": 1602.1414137454028,
    "Panjab": 1600.674719635081,
    "Montenegro": 1598.1047833085534,
    "Donetsk PR": 1596.460761418937,
    "Central Spain": 1595.3576062401696,
    "Belarus": 1591.8236984481362,
    "Isle of Man": 1591.6287800175369,
    "Bulgaria": 1591.49397265294,
    "Surrey": 1584.5272308634233,
    "Libya": 1576.9746099072338,
    "Elba Island": 1575.5074031757179,
    "Felvid\u00e9k": 1566.4466080263383,
    "Rhodes": 1558.432373244639,
    "Syria": 1555.3435926788231,
    "Uganda": 1549.8730926846943,
    "Gambia": 1547.7582383956956,
    "Trinidad and Tobago": 1543.0517406516933,
    "Benin": 1541.6251863337093,
    "Palestine": 1538.8643193402413,
    "Mapuche": 1538.722578333,
    "Bahrain": 1533.6244879191647,
    "Faroe Islands": 1533.6013909131223,
    "Equatorial Guinea": 1533.543954388019,
    "Sz\u00e9kely Land": 1531.4211580979015,
    "Madagascar": 1529.7611956486576,
    "China PR": 1529.2394692517466,
    "Luxembourg": 1528.400666246277,
    "Suriname": 1525.5748705022634,
    "Armenia": 1523.0782452166152,
    "South Ossetia": 1521.0673134077279,
    "Estonia": 1517.9632389728138,
    "Zambia": 1516.0748839324465,
    "Mozambique": 1514.0406865877092,
    "Thailand": 1509.8386572016775,
    "Kazakhstan": 1508.1372251382984,
    "Malaysia": 1504.327201233221,
    "Togo": 1491.4421245601843,
    "Vietnam": 1484.9367559279888,
    "Sierra Leone": 1484.8120318785882,
    "Sudan": 1482.0708090815162,
    "Comoros": 1481.1685789039057,
    "Western Armenia": 1478.9304380342246,
    "Biafra": 1478.2204616813767,
    "Kuwait": 1477.5529269323167,
    "Kyrgyzstan": 1475.6685775279736,
    "Azerbaijan": 1475.101566780129,
    "Indonesia": 1471.9344934932471,
    "R\u00e9union": 1471.2604619756003,
    "Kenya": 1470.3324995876324,
    "El Salvador": 1469.0457381458004,
    "Guadeloupe": 1465.5278416054705,
    "Dominican Republic": 1464.733787005351,
    "Niger": 1463.910140160199,
    "Malta": 1463.0926269996185,
    "Madrid": 1461.800248477903,
    "Rwanda": 1460.015879614828,
    "S\u00e1pmi": 1458.8197170323406,
    "Botswana": 1457.536510536758,
    "Mauritania": 1454.5127697987473,
    "Nicaragua": 1451.5125675494353,
    "Luhansk PR": 1449.1315288305102,
    "Cura\u00e7ao": 1448.6809940510195,
    "Malawi": 1448.1898904745592,
    "Crimea": 1445.6746265635593,
    "United Koreans in Japan": 1441.8583450772414,
    "Zimbabwe": 1441.2290110677038,
    "North Korea": 1438.2671144864605,
    "D\u00e9lvid\u00e9k": 1434.3020966675617,
    "Cyprus": 1431.9701036048134,
    "Provence": 1430.8000916868268,
    "Martinique": 1430.5658878695006,
    "North Vietnam": 1428.2759958737793,
    "Moldova": 1426.0209653320267,
    "Latvia": 1419.5614780059707,
    "Tamil Eelam": 1412.1186098809524,
    "Burundi": 1405.615816525834,
    "Gozo": 1402.8186866950484,
    "Lithuania": 1400.1460183711629,
    "Sealand": 1397.6197491288997,
    "Guyana": 1397.3006175142657,
    "Western Sahara": 1397.0850690980553,
    "Ethiopia": 1396.9592272198902,
    "Tanzania": 1391.734464706365,
    "Guinea-Bissau": 1387.9971138311114,
    "Mayotte": 1382.733646544376,
    "Lebanon": 1382.6399099766738,
    "Central African Republic": 1380.0001281197933,
    "Saarland": 1377.5613885049395,
    "Liberia": 1375.6500360689338,
    "Matabeleland": 1371.4733945734993,
    "Saugeais": 1369.7314816006008,
    "Tajikistan": 1368.9088535990052,
    "Saint Vincent and the Grenadines": 1368.5048459758207,
    "Namibia": 1366.7502849402929,