{"episodes": [1, 2, 3, 4, 5, 6, 7, 8, 9, 10, 11, 12, 13, 14, 15, 16, 17, 18, 19, 20, 21, 22, 23, 24, 25, 26, 27, 28, 29, 30, 31, 32, 33, 34, 35, 36, 37, 38, 39, 40, 41, 42, 43, 44, 45, 46, 47, 48, 49, 50, 51, 52], "scores": [-139.7, -131.1, -138.5, -125.69999999999999, -141.2, -112.89999999999999, -159.1, -94.6, -119.80000000000001, -144.7, -106.9, -89.5, -145.40000000000003, -144.2, -97.8, -140.49999999999997, -149.5, -140.0, -140.70000000000002, -167.5, -134.2, -85.8, -123.7, -94.8, -113.90000000000002, -141.60000000000002, -123.5, -123.0, -151.39999999999998, -118.4, -145.10000000000002, -102.80000000000001, -106.7, -130.1, -146.2, -85.1, -110.80000000000001, -123.10000000000001, -118.2, -143.5, -109.30000000000003, -142.00000000000003, -118.2, -137.90000000000003, -133.60000000000002, -90.4, -130.7, -84.4, -138.0, -127.0, -103.5, -145.70000000000002], "lines_cleared": [0, 0, 0, 0, 0, 0, 0, 0, 0, 0, 0, 0, 0, 1, 0, 0, 0, 0, 0, 0, 0, 0, 0, 0, 0, 0, 0, 0, 0, 0, 0, 0, 0, 0, 0, 0, 0, 0, 0, 0, 0, 0, 0, 0, 0, 0, 0, 0, 0, 0, 0, 0], "epsilons": [1.0, 1.0, 1.0, 1.0, 1.0, 1.0, 0.8687458127689781, 0.7323033696543974, 0.5753547499769285, 0.44752321376381066, 0.36972963764972655, 0.3244455298634257, 0.2549097606963092, 0.19432859888279505, 0.15735328210778965, 0.123629034136362, 0.10213842899856099, 0.08024793100055952, 0.0643291962372672, 0.05156825150425347, 0.041338687854852486, 0.8775210229989678, 0.7397003733882802, 0.6361854860638709, 0.525596487525562, 0.40068465295154065, 0.337754400898902, 0.27348915102221616, 0.21059844619672854, 0.17752252675876345, 0.13947556877522502, 0.1211688163570484, 0.10010587426148963, 0.08187728905270841, 0.06304904523214558, 0.055326862671220584, 0.04617102827699272, 0.7936142836436553, 0.6426116020847181, 0.4998370298991989, 0.41294967113388825, 0.33103308832101386, 0.270754259511994, 0.20849246173476127, 0.16380796970808745, 0.1466635416321037, 0.11756998134242772, 0.10421225282987552, 0.08609689350726446, 0.07041924650516158, 0.058765830279503314, 0.045709317994222794], "losses": [4.0333776984895975, 2.5191779206780827, 1.36188938220342, 1.2937336134910584, 1.2719263591264423, 2.272840142250061, 1.3509440099199612, 1.2096766586656924, 1.2286507487297058, 1.724667561550935, 1.4529529119792737, 1.3454584553837776, 1.2137260179628024, 1.116032586856322, 1.807986701076681, 1.6420975648439848, 1.533436936490676, 1.6009537696838378, 1.338576548977902, 1.7005598876211379, 2.013799835653866, 2.1579242320287797, 1.846832431279696, 1.8235505118089563, 3.4303988814353943, 3.815018449510847, 2.9837795746953866, 2.9605034947395326, 2.68192058801651, 5.1846113204956055, 5.943895075056288, 3.8816308508748594, 3.4909301031203497, 2.956876001358032, 6.444530876059281, 5.590700951489535, 4.0058913111686705, 3.8825885332547703, 4.445163443684578, 9.223434058102695, 6.109382282603871, 4.561596989631653, 5.081506026418586, 5.010054153203964, 5.897608664300707, 5.875483865737915], "steps": [19, 23, 19, 20, 21, 18, 21, 17, 24, 25, 19, 13, 24, 27, 21, 24, 19, 24, 22, 22, 22, 13, 17, 15, 19, 27, 17, 21, 26, 17, 24, 14, 19, 20, 26, 13, 18, 23, 21, 25, 19, 22, 20, 26, 24, 11, 22, 12, 19, 20, 18, 25], "best_score": 0.0, "best_lines": 1, "hole_counts": [0, 0, 0, 0, 0, 0, 0, 0, 0, 0, 0, 0, 0, 0, 0, 0, 0, 0, 0, 0, 0, 0, 0, 0, 0, 0, 0, 0, 0, 0, 0, 0, 0, 0, 0, 0, 0, 0, 0, 0, 0, 0, 0, 0, 0, 0, 0, 0, 0, 0, 0, 0], "heights": [0, 0, 0, 0, 0, 0, 0, 0, 0, 0, 0, 0, 0, 0, 0, 0, 0, 0, 0, 0, 0, 0, 0, 0, 0, 0, 0, 0, 0, 0, 0, 0, 0, 0, 0, 0, 0, 0, 0, 0, 0, 0, 0, 0, 0, 0, 0, 0, 0, 0, 0, 0]}