{"episodes": [1, 2, 3, 4, 5, 6, 7, 8, 9, 10, 11, 12, 13, 14, 15, 16, 17, 18, 19, 20, 21, 22, 23, 24, 25, 26, 27, 28, 29, 30, 31, 32, 33, 34, 35, 36, 37], "scores": [-139.7, -131.1, -138.5, -125.69999999999999, -141.2, -112.89999999999999, -159.1, -94.6, -119.80000000000001, -144.7, -106.9, -89.5, -145.40000000000003, -144.2, -97.8, -140.49999999999997, -149.5, -140.0, -140.70000000000002, -167.5, -134.2, -85.8, -123.7, -94.8, -113.90000000000002, -141.60000000000002, -123.5, -123.0, -151.39999999999998, -118.4, -145.10000000000002, -102.80000000000001, -106.7, -130.1, -146.2, -85.1, -110.80000000000001], "lines_cleared": [0, 0, 0, 0, 0, 0, 0, 0, 0, 0, 0, 0, 0, 1, 0, 0, 0, 0, 0, 0, 0, 0, 0, 0, 0, 0, 0, 0, 0, 0, 0, 0, 0, 0, 0, 0, 0], "epsilons": [1.0, 1.0, 1.0, 1.0, 1.0, 1.0, 0.8687458127689781, 0.7323033696543974, 0.5753547499769285, 0.44752321376381066, 0.36972963764972655, 0.3244455298634257, 0.2549097606963092, 0.19432859888279505, 0.15735328210778965, 0.123629034136362, 0.10213842899856099, 0.08024793100055952, 0.0643291962372672, 0.05156825150425347, 0.041338687854852486, 0.8775210229989678, 0.7397003733882802, 0.6361854860638709, 0.525596487525562, 0.40068465295154065, 0.337754400898902, 0.27348915102221616, 0.21059844619672854, 0.17752252675876345, 0.13947556877522502, 0.1211688163570484, 0.10010587426148963, 0.08187728905270841, 0.06304904523214558, 0.055326862671220584, 0.04617102827699272], "losses": [4.0333776984895975, 2.5191779206780827, 1.36188938220342, 1.2937336134910584, 1.2719263591264423, 2.272840142250061, 1.3509440099199612, 1.2096766586656924, 1.2286507487297058, 1.724667561550935, 1.4529529119792737, 1.3454584553837776, 1.2137260179628024, 1.116032586856322, 1.807986701076681, 1.6420975648439848, 1.533436936490676, 1.6009537696838378, 1.338576548977902, 1.7005598876211379, 2.013799835653866, 2.1579242320287797, 1.846832431279696, 1.8235505118089563, 3.4303988814353943, 3.815018449510847, 2.9837795746953866, 2.9605034947395326, 2.68192058801651, 5.1846113204956055, 5.943895075056288], "steps": [19, 23, 19, 20, 21, 18, 21, 17, 24, 25, 19, 13, 24, 27, 21, 24, 19, 24, 22, 22, 22, 13, 17, 15, 19, 27, 17, 21, 26, 17, 24, 14, 19, 20, 26, 13, 18], "best_score": 0.0, "best_lines": 1, "hole_counts": [0, 0, 0, 0, 0, 0, 0, 0, 0, 0, 0, 0, 0, 0, 0, 0, 0, 0, 0, 0, 0, 0, 0, 0, 0, 0, 0, 0, 0, 0, 0, 0, 0, 0, 0, 0, 0], "heights": [0, 0, 0, 0, 0, 0, 0, 0, 0, 0, 0, 0, 0, 0, 0, 0, 0, 0, 0, 0, 0, 0, 0, 0, 0, 0, 0, 0, 0, 0, 0, 0, 0, 0, 0, 0, 0]}