{"episodes": [1, 2, 3, 4, 5, 6, 7, 8, 9, 10, 11, 12, 13, 14, 15, 16, 17, 18, 19, 20, 21], "scores": [-139.7, -131.1, -138.5, -125.69999999999999, -141.2, -112.89999999999999, -159.1, -94.6, -119.80000000000001, -144.7, -106.9, -89.5, -145.40000000000003, -144.2, -97.8, -140.49999999999997, -149.5, -140.0, -140.70000000000002, -167.5, -134.2], "lines_cleared": [0, 0, 0, 0, 0, 0, 0, 0, 0, 0, 0, 0, 0, 1, 0, 0, 0, 0, 0, 0, 0], "epsilons": [1.0, 1.0, 1.0, 1.0, 1.0, 1.0, 0.8687458127689781, 0.7323033696543974, 0.5753547499769285, 0.44752321376381066, 0.36972963764972655, 0.3244455298634257, 0.2549097606963092, 0.19432859888279505, 0.15735328210778965, 0.123629034136362, 0.10213842899856099, 0.08024793100055952, 0.0643291962372672, 0.05156825150425347, 0.041338687854852486], "losses": [4.0333776984895975, 2.5191779206780827, 1.36188938220342, 1.2937336134910584, 1.2719263591264423, 2.272840142250061, 1.3509440099199612, 1.2096766586656924, 1.2286507487297058, 1.724667561550935, 1.4529529119792737, 1.3454584553837776, 1.2137260179628024, 1.116032586856322, 1.807986701076681], "steps": [19, 23, 19, 20, 21, 18, 21, 17, 24, 25, 19, 13, 24, 27, 21, 24, 19, 24, 22, 22, 22], "best_score": 0.0, "best_lines": 1, "hole_counts": [0, 0, 0, 0, 0, 0, 0, 0, 0, 0, 0, 0, 0, 0, 0, 0, 0, 0, 0, 0, 0], "heights": [0, 0, 0, 0, 0, 0, 0, 0, 0, 0, 0, 0, 0, 0, 0, 0, 0, 0, 0, 0, 0]}