{"episodes": [1, 2, 3, 4, 5, 6, 7, 8, 9, 10, 11, 12, 13, 14, 15, 16, 17, 18, 19, 20, 21, 22, 23, 24, 25, 26, 27, 28, 29, 30, 31, 32, 33, 34, 35, 36, 37, 38, 39, 40, 41, 42, 43, 44, 45, 46, 47, 48, 49, 50, 51, 52, 53, 54, 55, 56, 57, 58, 59, 60, 61, 62, 63, 64, 65, 66, 67, 68, 69, 70, 71, 72, 73, 74, 75, 76, 77, 78, 79, 80, 81, 82, 83, 84, 85, 86, 87, 88, 89, 90, 91, 92, 93, 94, 95, 96, 97, 98, 99, 100, 101, 102, 103, 104, 105, 106, 107, 108, 109, 110, 111, 112, 113, 114, 115, 116, 117, 118, 119, 120, 121, 122, 123, 124, 125, 126, 127, 128, 129, 130, 131, 132, 133, 134, 135, 136, 137, 138, 139, 140, 141, 142, 143, 144, 145, 146, 147, 148, 149, 150], "scores": [-139.7, -131.1, -138.5, -125.69999999999999, -141.2, -112.89999999999999, -159.1, -94.6, -119.80000000000001, -144.7, -106.9, -89.5, -145.40000000000003, -144.2, -97.8, -140.49999999999997, -149.5, -140.0, -140.70000000000002, -167.5, -134.2, -85.8, -123.7, -94.8, -113.90000000000002, -141.60000000000002, -123.5, -123.0, -151.39999999999998, -118.4, -145.10000000000002, -102.80000000000001, -106.7, -130.1, -146.2, -85.1, -110.80000000000001, -123.10000000000001, -118.2, -143.5, -109.30000000000003, -142.00000000000003, -118.2, -137.90000000000003, -133.60000000000002, -90.4, -130.7, -84.4, -138.0, -127.0, -103.5, -145.70000000000002, -109.60000000000001, -122.10000000000001, -140.3, -114.19999999999999, -143.7, -112.49999999999999, -106.20000000000002, -144.20000000000002, -141.59999999999997, -96.80000000000001, -86.19999999999999, -87.8, -137.10000000000002, -130.9, -99.3, -129.2, -86.2, -96.3, -129.0, -136.8, -147.1, -106.3, -135.7, -143.6, -103.1, -136.89999999999998, -155.89999999999998, -107.9, -113.3, -130.9, -119.70000000000002, -116.5, -146.20000000000002, -147.1, -112.9, -91.10000000000001, -85.0, -98.5, -141.7, -156.79999999999998, -126.60000000000001, -114.9, -88.39999999999999, -154.10000000000002, -110.30000000000001, -87.7, -99.40000000000002, -89.60000000000002, -127.40000000000002, -119.50000000000001, -127.29999999999998, -126.89999999999999, -116.69999999999999, -91.1, -149.6, -134.8, -60.8, -112.5, -153.0, -141.3, -137.8, -136.79999999999998, -140.89999999999998, -108.5, -103.3, -157.2, -90.50000000000001, -107.39999999999999, -94.10000000000001, -120.59999999999998, -149.6, -82.8, -74.3, -129.60000000000002, -73.5, -118.5, -79.30000000000001, -148.9, -96.80000000000001, -108.30000000000001, -100.5, -95.89999999999999, -138.0, -126.39999999999999, -102.9, -138.9, -151.79999999999998, -139.29999999999998, -112.0, -77.40000000000002, -117.4, -99.2, -86.7, -66.9, -110.8, -129.8, -91.39999999999999, -136.10000000000002], "lines_cleared": [0, 0, 0, 0, 0, 0, 0, 0, 0, 0, 0, 0, 0, 1, 0, 0, 0, 0, 0, 0, 0, 0, 0, 0, 0, 0, 0, 0, 0, 0, 0, 0, 0, 0, 0, 0, 0, 0, 0, 0, 0, 0, 0, 0, 0, 0, 0, 0, 0, 0, 0, 0, 0, 0, 0, 0, 0, 0, 0, 0, 0, 0, 0, 0, 0, 0, 0, 0, 0, 0, 0, 0, 0, 1, 0, 0, 0, 0, 0, 0, 0, 0, 0, 0, 0, 0, 0, 0, 0, 0, 0, 0, 0, 0, 0, 0, 0, 0, 0, 0, 0, 0, 0, 0, 0, 0, 0, 0, 0, 0, 0, 0, 0, 0, 0, 0, 0, 0, 0, 0, 0, 0, 0, 0, 0, 0, 0, 0, 0, 0, 0, 0, 0, 0, 0, 0, 0, 0, 0, 0, 0, 0, 0, 0, 0, 0, 0, 0, 0, 0], "epsilons": [1.0, 1.0, 1.0, 1.0, 1.0, 1.0, 0.8687458127689781, 0.7323033696543974, 0.5753547499769285, 0.44752321376381066, 0.36972963764972655, 0.3244455298634257, 0.2549097606963092, 0.19432859888279505, 0.15735328210778965, 0.123629034136362, 0.10213842899856099, 0.08024793100055952, 0.0643291962372672, 0.05156825150425347, 0.041338687854852486, 0.8775210229989678, 0.7397003733882802, 0.6361854860638709, 0.525596487525562, 0.40068465295154065, 0.337754400898902, 0.27348915102221616, 0.21059844619672854, 0.17752252675876345, 0.13947556877522502, 0.1211688163570484, 0.10010587426148963, 0.08187728905270841, 0.06304904523214558, 0.055326862671220584, 0.04617102827699272, 0.7936142836436553, 0.6426116020847181, 0.4998370298991989, 0.41294967113388825, 0.33103308832101386, 0.270754259511994, 0.20849246173476127, 0.16380796970808745, 0.1466635416321037, 0.11756998134242772, 0.10421225282987552, 0.08609689350726446, 0.07041924650516158, 0.058765830279503314, 0.045709317994222794, 0.8429431933839266, 0.6426116020847181, 0.5151371174238033, 0.41294967113388825, 0.33103308832101386, 0.270754259511994, 0.22145178723886094, 0.17574730149117582, 0.1423074877820886, 0.12613920430197123, 0.10213842899856099, 0.08873233251530144, 0.07184904244991488, 0.057596390256941195, 0.04953625663766238, 0.8179069375972307, 0.6622820409839835, 0.5753547499769285, 0.4612219674180955, 0.38104711810454983, 0.29342272152521587, 0.232864462948006, 0.19046145976502743, 0.14964140560361566, 0.12487781225895152, 0.10526490184835911, 0.0835397296732052, 0.07041924650516158, 0.05935942452475082, 0.04758433047647449, 0.8514577710948754, 0.682554595010387, 0.5471566423907612, 0.4386175018099108, 0.37723664692350434, 0.3277227574378037, 0.28186069554046345, 0.23999247958413436, 0.18667127671570335, 0.1481449915475795, 0.12613920430197123, 0.10421225282987552, 0.08962861870232469, 0.07113055202541574, 0.06056466128430856, 0.04953625663766238, 0.8600583546412883, 0.7177305325982748, 0.5753547499769285, 0.475340042005707, 0.392711028357805, 0.3116610814491425, 0.2627125872502282, 0.22594815553398728, 0.1705274308895864, 0.13670000495659804, 0.11639428152900344, 0.09910481551887473, 0.07631498390659384, 0.06368590427489453, 0.05054204329931883, 0.04092530097630396, 0.8016305895390458, 0.6689717585696803, 0.5416850759668536, 0.4298890135238936, 0.36237201786049694, 0.2963865873992079, 0.23999247958413436, 0.19827425658891445, 0.16380796970808745, 0.14374493715362485, 0.12870034108965536, 0.10848707650771475, 0.09330521652106873, 0.07944545169055392, 0.07113055202541574, 0.057596390256941195, 0.051052568989210935, 0.04217803066508773, 0.8775210229989678, 0.7397003733882802, 0.6050060671375365, 0.5151371174238033, 0.4520436502664754, 0.36237201786049694, 0.29342272152521587, 0.23999247958413436, 0.20230002712877712, 0.17931568359471056, 0.1466635416321037, 0.1211688163570484, 0.10421225282987552, 0.09237216435585804, 0.07865099717364837, 0.0643291962372672, 0.055326862671220584, 0.045709317994222794],